<?xml version="1.0" encoding="UTF-8" standalone="no"?>
<ti:app xmlns:ti="http://ti.appcelerator.org">
    <deployment-targets>
        <target device="mobileweb">false</target>
        <target device="iphone">true</target>
        <target device="ipad">true</target>
        <target device="android">true</target>
        <target device="blackberry">false</target>
    </deployment-targets>
    <id>com.appcelerator.bountyhunter</id>
    <name>BountyHunter</name>
    <version>1.0</version>
    <publisher>kevin</publisher>
    <url>http://www.appcelerator.com</url>
    <description>not specified</description>
    <copyright>2011 by kevin</copyright>
    <icon>appicon.png</icon>
    <persistent-wifi>false</persistent-wifi>
    <prerendered-icon>false</prerendered-icon>
    <statusbar-style>default</statusbar-style>
    <statusbar-hidden>false</statusbar-hidden>
    <fullscreen>false</fullscreen>
    <navbar-hidden>true</navbar-hidden>
    <analytics>false</analytics>
    <guid>f2318fbd-89e3-4f5e-8d9f-46b11e1af84a</guid>
	<iphone>
		<orientations device="iphone">
			<orientation>Ti.UI.PORTRAIT</orientation>
		</orientations>
		<orientations device="ipad">
			<orientation>Ti.UI.PORTRAIT</orientation>
			<orientation>Ti.UI.UPSIDE_PORTRAIT</orientation>
			<orientation>Ti.UI.LANDSCAPE_LEFT</orientation>
			<orientation>Ti.UI.LANDSCAPE_RIGHT</orientation>
		</orientations>
	</iphone>
	<android xmlns:android="http://schemas.android.com/apk/res/android">
		<manifest>
			<supports-screens android:anyDensity="false"/>
		</manifest>
	</android>
	<modules>
	</modules>
</ti:app>
