<?xml version="1.0" encoding="UTF-8" standalone="no"?>
<ti:app xmlns:ti="http://ti.appcelerator.org">
    <deployment-targets>
        <target device="mobileweb">false</target>
        <target device="iphone">false</target>
        <target device="ipad">false</target>
        <target device="android">true</target>
        <target device="blackberry">false</target>
    </deployment-targets>
    <id>com.appcelerator.androidbackdemo</id>
    <name>AndroidBackDemo</name>
    <version>1.0</version>
    <publisher>tpoulsen</publisher>
    <url>http://appc.com</url>
    <description>not specified</description>
    <copyright>2011 by tpoulsen</copyright>
    <icon>appicon.png</icon>
    <persistent-wifi>false</persistent-wifi>
    <prerendered-icon>false</prerendered-icon>
    <statusbar-style>default</statusbar-style>
    <statusbar-hidden>false</statusbar-hidden>
    <fullscreen>false</fullscreen>
    <navbar-hidden>false</navbar-hidden>
    <analytics>true</analytics>
    <guid>5310dc84-c5a2-4c2e-945c-66cbe0de00d4</guid>
	<iphone>
		<orientations device="iphone">
			<orientation>Ti.UI.PORTRAIT</orientation>
		</orientations>
		<orientations device="ipad">
			<orientation>Ti.UI.PORTRAIT</orientation>
			<orientation>Ti.UI.UPSIDE_PORTRAIT</orientation>
			<orientation>Ti.UI.LANDSCAPE_LEFT</orientation>
			<orientation>Ti.UI.LANDSCAPE_RIGHT</orientation>
		</orientations>
	</iphone>
	<android xmlns:android="http://schemas.android.com/apk/res/android">
	</android>
	<modules>
	</modules>
</ti:app>
